age.grp,year,prop.PCV7,prop.PCV13,prop.PCV15,prop.PCV20,prop.PPV23,prop.V116,prop.PCV13_not7,prop.PCV15s_not13,prop.PCV20s_not15,prop.V116s_notPPV23s,prop.notVT,prop.V116s_notPCV20s,prop.PPV23_not13,prop.V116_only,prop.PPV23s_not20,prop.st8,total,PCV7s,PCV13s,PCV15s,PCV20s,PPV23s,V116s,PCV13s_not7,PCV15s_not13,PCV20s_not15,V116s_notPPV23s,not_VT,V116s_notPCV20s,PPV23s_not13,V116_only,PPV23s_not20,st8
0-1M,2002,0.6,0.6,0.6,0.8,0.8,0.2,0.0,0.0,0.2,0.0,0.2,0.0,0.2,0.0,0.0,0.0,5,3,3,3,4,4,1,0,0,1,0,1,0,1,0,0,0
0-1M,2003,0.75,0.75,0.75,0.75,0.75,0.0,0.0,0.0,0.0,0.0,0.25,0.0,0.0,0.0,0.0,0.0,4,3,3,3,3,3,0,0,0,0,0,1,0,0,0,0,0
0-1M,2004,0.25,0.417,0.417,0.5,0.5,0.333,0.167,0.0,0.083,0.083,0.417,0.083,0.083,0.083,0.0,0.0,12,3,5,5,6,6,4,2,0,1,1,5,1,1,1,0,0
0-1M,2005,0.667,0.889,0.889,0.889,0.889,0.111,0.222,0.0,0.0,0.0,0.111,0.0,0.0,0.0,0.0,0.0,9,6,8,8,8,8,1,2,0,0,0,1,0,0,0,0,0
0-1M,2006,0.5,0.875,0.875,0.875,0.875,0.375,0.375,0.0,0.0,0.125,0.0,0.125,0.0,0.125,0.0,0.0,8,4,7,7,7,7,3,3,0,0,1,0,1,0,1,0,0
0-1M,2007,0.333,0.5,0.5,0.833,0.833,0.5,0.167,0.0,0.333,0.0,0.167,0.0,0.333,0.0,0.0,0.0,6,2,3,3,5,5,3,1,0,2,0,1,0,2,0,0,0
0-1M,2008,0.2,0.6,0.6,0.6,0.6,0.4,0.4,0.0,0.0,0.0,0.4,0.0,0.0,0.0,0.0,0.0,5,1,3,3,3,3,2,2,0,0,0,2,0,0,0,0,0
0-1M,2009,0.125,0.625,0.625,0.875,0.75,0.75,0.5,0.0,0.25,0.125,0.125,0.0,0.25,0.0,0.0,0.125,8,1,5,5,7,6,6,4,0,2,1,1,0,2,0,0,1
0-1M,2010,0.0,0.25,0.5,0.5,0.5,0.75,0.25,0.25,0.0,0.25,0.25,0.25,0.25,0.25,0.0,0.0,4,0,1,2,2,2,3,1,1,0,1,1,1,1,1,0,0
0-1M,2011,0.0,0.0,0.25,0.5,0.5,0.75,0.0,0.25,0.25,0.25,0.25,0.25,0.5,0.25,0.0,0.0,4,0,0,1,2,2,3,0,1,1,1,1,1,2,1,0,0
0-1M,2012,0.0,0.5,0.5,0.5,0.5,0.75,0.5,0.0,0.0,0.25,0.25,0.25,0.0,0.25,0.0,0.0,4,0,2,2,2,2,3,2,0,0,1,1,1,0,1,0,0
0-1M,2013,0.0,0.667,0.667,0.667,0.667,0.833,0.667,0.0,0.0,0.167,0.167,0.167,0.0,0.167,0.0,0.0,6,0,4,4,4,4,5,4,0,0,1,1,1,0,1,0,0
0-1M,2014,0.125,0.5,0.5,0.5,0.5,0.5,0.375,0.0,0.0,0.125,0.375,0.125,0.0,0.125,0.0,0.0,8,1,4,4,4,4,4,3,0,0,1,3,1,0,1,0,0
0-1M,2015,0.167,0.333,0.333,0.333,0.333,0.5,0.167,0.0,0.0,0.333,0.333,0.333,0.0,0.333,0.0,0.0,6,1,2,2,2,2,3,1,0,0,2,2,2,0,2,0,0
0-1M,2016,0.25,0.583,0.583,0.667,0.75,0.5,0.333,0.0,0.083,0.0,0.25,0.083,0.167,0.0,0.083,0.0,12,3,7,7,8,9,6,4,0,1,0,3,1,2,0,1,0
0-1M,2017,0.214,0.429,0.429,0.571,0.571,0.357,0.214,0.0,0.143,0.071,0.357,0.071,0.143,0.071,0.0,0.071,14,3,6,6,8,8,5,3,0,2,1,5,1,2,1,0,1
0-1M,2018,0.1,0.4,0.5,0.65,0.65,0.6,0.3,0.1,0.15,0.1,0.25,0.1,0.25,0.1,0.0,0.05,20,2,8,10,13,13,12,6,2,3,2,5,2,5,2,0,1
0-1M,2019,0.125,0.5,0.625,0.625,0.625,0.625,0.375,0.125,0.0,0.125,0.25,0.125,0.125,0.125,0.0,0.0,16,2,8,10,10,10,10,6,2,0,2,4,2,2,2,0,0
0-1M,2020,0.25,0.417,0.417,0.417,0.417,0.333,0.167,0.0,0.0,0.167,0.417,0.167,0.0,0.167,0.0,0.0,12,3,5,5,5,5,4,2,0,0,2,5,2,0,2,0,0
0-1M,2021,0.125,0.25,0.25,0.375,0.5,0.5,0.125,0.0,0.125,0.125,0.375,0.25,0.25,0.125,0.125,0.0,8,1,2,2,3,4,4,1,0,1,1,3,2,2,1,1,0
0-1M,2022,0.375,0.375,0.75,0.75,0.75,0.375,0.0,0.375,0.0,0.0,0.25,0.0,0.375,0.0,0.0,0.0,8,3,3,6,6,6,3,0,3,0,0,2,0,3,0,0,0
0-1M,2023,0.167,0.25,0.25,0.417,0.417,0.417,0.083,0.0,0.167,0.167,0.417,0.167,0.167,0.167,0.0,0.0,12,2,3,3,5,5,5,1,0,2,2,5,2,2,2,0,0
1-4,2002,0.801,0.855,0.857,0.861,0.842,0.058,0.054,0.002,0.004,0.018,0.139,0.0,0.005,0.0,0.0,0.0,552,442,472,473,475,465,32,30,1,2,10,77,0,3,0,0,0
1-4,2003,0.794,0.853,0.868,0.874,0.851,0.081,0.06,0.015,0.006,0.032,0.117,0.009,0.021,0.009,0.0,0.0,470,373,401,408,411,400,38,28,7,3,15,55,4,10,4,0,0
1-4,2004,0.841,0.916,0.927,0.929,0.91,0.096,0.075,0.01,0.002,0.029,0.061,0.01,0.015,0.008,0.002,0.0,477,401,437,442,443,434,46,36,5,1,14,29,5,7,4,1,0
1-4,2005,0.652,0.833,0.838,0.853,0.814,0.206,0.181,0.005,0.015,0.059,0.127,0.02,0.025,0.015,0.005,0.0,204,133,170,171,174,166,42,37,1,3,12,26,4,5,3,1,0
1-4,2006,0.432,0.746,0.788,0.839,0.78,0.398,0.314,0.042,0.051,0.102,0.119,0.042,0.093,0.042,0.0,0.008,118,51,88,93,99,92,47,37,5,6,12,14,5,11,5,0,1
1-4,2007,0.13,0.623,0.71,0.772,0.765,0.679,0.494,0.086,0.062,0.08,0.154,0.074,0.16,0.062,0.012,0.006,162,21,101,115,125,124,110,80,14,10,13,25,12,26,10,2,1
1-4,2008,0.114,0.646,0.691,0.737,0.743,0.686,0.531,0.046,0.046,0.08,0.177,0.086,0.103,0.074,0.011,0.006,175,20,113,121,129,130,120,93,8,8,14,31,15,18,13,2,1
1-4,2009,0.07,0.69,0.722,0.766,0.753,0.703,0.62,0.032,0.044,0.063,0.184,0.051,0.082,0.044,0.006,0.0,158,11,109,114,121,119,111,98,5,7,10,29,8,13,7,1,0
1-4,2010,0.044,0.67,0.731,0.775,0.78,0.78,0.626,0.06,0.044,0.093,0.126,0.099,0.115,0.088,0.011,0.005,182,8,122,133,141,142,142,114,11,8,17,23,18,21,16,2,1
1-4,2011,0.028,0.695,0.734,0.774,0.768,0.746,0.667,0.04,0.04,0.085,0.147,0.079,0.079,0.079,0.0,0.0,177,5,123,130,137,136,132,118,7,7,15,26,14,14,14,0,0
1-4,2012,0.063,0.563,0.656,0.719,0.719,0.75,0.5,0.094,0.063,0.148,0.133,0.148,0.156,0.148,0.0,0.0,128,8,72,84,92,92,96,64,12,8,19,17,19,20,19,0,0
1-4,2013,0.037,0.375,0.463,0.625,0.647,0.772,0.338,0.088,0.162,0.213,0.14,0.235,0.272,0.213,0.022,0.007,136,5,51,63,85,88,105,46,12,22,29,19,32,37,29,3,1
1-4,2014,0.066,0.412,0.463,0.596,0.596,0.699,0.346,0.051,0.132,0.221,0.184,0.221,0.191,0.213,0.007,0.0,136,9,56,63,81,81,95,47,7,18,30,25,30,26,29,1,0
1-4,2015,0.136,0.407,0.441,0.508,0.542,0.534,0.271,0.034,0.068,0.161,0.297,0.195,0.136,0.161,0.034,0.0,118,16,48,52,60,64,63,32,4,8,19,35,23,16,19,4,0
1-4,2016,0.09,0.372,0.449,0.5,0.526,0.654,0.282,0.077,0.051,0.237,0.237,0.256,0.16,0.231,0.032,0.0,156,14,58,70,78,82,102,44,12,8,37,37,40,25,36,5,0
1-4,2017,0.07,0.367,0.387,0.462,0.492,0.513,0.296,0.02,0.075,0.116,0.392,0.146,0.126,0.116,0.03,0.005,199,14,73,77,92,98,102,59,4,15,23,78,29,25,23,6,1
1-4,2018,0.09,0.417,0.467,0.487,0.508,0.578,0.327,0.05,0.02,0.166,0.327,0.186,0.09,0.166,0.02,0.0,199,18,83,93,97,101,115,65,10,4,33,65,37,18,33,4,0
1-4,2019,0.086,0.459,0.505,0.555,0.568,0.627,0.373,0.045,0.05,0.164,0.268,0.177,0.109,0.164,0.014,0.0,220,19,101,111,122,125,138,82,10,11,36,59,39,24,36,3,0
1-4,2020,0.075,0.292,0.358,0.415,0.425,0.481,0.217,0.066,0.057,0.179,0.396,0.189,0.132,0.179,0.009,0.0,106,8,31,38,44,45,51,23,7,6,19,42,20,14,19,1,0
1-4,2021,0.065,0.315,0.375,0.473,0.489,0.505,0.25,0.06,0.098,0.141,0.37,0.158,0.174,0.141,0.016,0.0,184,12,58,69,87,90,93,46,11,18,26,68,29,32,26,3,0
1-4,2022,0.066,0.32,0.39,0.5,0.518,0.504,0.254,0.07,0.11,0.11,0.373,0.127,0.197,0.11,0.018,0.013,228,15,73,89,114,118,115,58,16,25,25,85,29,45,25,4,3
1-4,2023,0.068,0.296,0.416,0.528,0.556,0.552,0.228,0.12,0.112,0.116,0.328,0.144,0.26,0.116,0.028,0.02,250,17,74,104,132,139,138,57,30,28,29,82,36,65,29,7,5
15-24,2002,0.654,0.744,0.756,0.782,0.821,0.167,0.09,0.013,0.026,0.013,0.167,0.051,0.077,0.013,0.038,0.013,78,51,58,59,61,64,13,7,1,2,1,13,4,6,1,3,1
15-24,2003,0.652,0.73,0.764,0.798,0.775,0.18,0.079,0.034,0.034,0.056,0.169,0.034,0.079,0.022,0.011,0.011,89,58,65,68,71,69,16,7,3,3,5,15,3,7,2,1,1
15-24,2004,0.735,0.794,0.824,0.868,0.868,0.162,0.059,0.029,0.044,0.029,0.103,0.029,0.088,0.015,0.015,0.029,68,50,54,56,59,59,11,4,2,3,2,7,2,6,1,1,2
15-24,2005,0.511,0.689,0.689,0.756,0.689,0.289,0.178,0.0,0.067,0.111,0.2,0.044,0.067,0.044,0.0,0.067,45,23,31,31,34,31,13,8,0,3,5,9,2,3,2,0,3
15-24,2006,0.593,0.759,0.815,0.87,0.889,0.259,0.167,0.056,0.056,0.056,0.056,0.074,0.148,0.037,0.037,0.037,54,32,41,44,47,48,14,9,3,3,3,3,4,8,2,2,2
15-24,2007,0.268,0.683,0.732,0.805,0.78,0.39,0.415,0.049,0.073,0.049,0.171,0.024,0.122,0.024,0.0,0.049,41,11,28,30,33,32,16,17,2,3,2,7,1,5,1,0,2
15-24,2008,0.333,0.627,0.667,0.725,0.765,0.471,0.294,0.039,0.059,0.078,0.157,0.118,0.176,0.039,0.078,0.039,51,17,32,34,37,39,24,15,2,3,4,8,6,9,2,4,2
15-24,2009,0.167,0.685,0.722,0.815,0.833,0.648,0.519,0.037,0.093,0.037,0.13,0.056,0.148,0.037,0.019,0.074,54,9,37,39,44,45,35,28,2,5,2,7,3,8,2,1,4
15-24,2010,0.087,0.652,0.739,0.826,0.804,0.717,0.565,0.087,0.087,0.065,0.13,0.043,0.174,0.043,0.0,0.065,46,4,30,34,38,37,33,26,4,4,3,6,2,8,2,0,3
15-24,2011,0.053,0.632,0.702,0.772,0.807,0.772,0.579,0.07,0.07,0.053,0.14,0.088,0.175,0.053,0.035,0.07,57,3,36,40,44,46,44,33,4,4,3,8,5,10,3,2,4
15-24,2012,0.109,0.655,0.782,0.855,0.891,0.673,0.545,0.127,0.073,0.036,0.073,0.073,0.236,0.036,0.036,0.018,55,6,36,43,47,49,37,30,7,4,2,4,4,13,2,2,1
15-24,2013,0.133,0.533,0.6,0.633,0.667,0.633,0.4,0.067,0.033,0.167,0.167,0.2,0.133,0.167,0.033,0.0,30,4,16,18,19,20,19,12,2,1,5,5,6,4,5,1,0
15-24,2014,0.143,0.571,0.686,0.857,0.886,0.771,0.429,0.114,0.171,0.057,0.057,0.086,0.314,0.057,0.029,0.086,35,5,20,24,30,31,27,15,4,6,2,2,3,11,2,1,3
15-24,2015,0.214,0.5,0.536,0.679,0.714,0.643,0.286,0.036,0.143,0.179,0.107,0.214,0.214,0.179,0.036,0.036,28,6,14,15,19,20,18,8,1,4,5,3,6,6,5,1,1
15-24,2016,0.115,0.462,0.615,0.731,0.808,0.808,0.346,0.154,0.115,0.154,0.038,0.231,0.346,0.154,0.077,0.115,26,3,12,16,19,21,21,9,4,3,4,1,6,9,4,2,3
15-24,2017,0.222,0.472,0.528,0.694,0.75,0.611,0.25,0.056,0.167,0.083,0.167,0.139,0.278,0.083,0.056,0.111,36,8,17,19,25,27,22,9,2,6,3,6,5,10,3,2,4
15-24,2018,0.194,0.417,0.444,0.667,0.778,0.611,0.222,0.028,0.222,0.083,0.139,0.194,0.361,0.083,0.111,0.083,36,7,15,16,24,28,22,8,1,8,3,5,7,13,3,4,3
15-24,2019,0.098,0.317,0.439,0.756,0.805,0.78,0.22,0.122,0.317,0.073,0.122,0.122,0.488,0.073,0.049,0.195,41,4,13,18,31,33,32,9,5,13,3,5,5,20,3,2,8
15-24,2020,0.091,0.273,0.364,0.545,0.545,0.636,0.182,0.091,0.182,0.182,0.273,0.182,0.273,0.182,0.0,0.091,11,1,3,4,6,6,7,2,1,2,2,3,2,3,2,0,1
15-24,2021,0.138,0.276,0.345,0.621,0.759,0.655,0.138,0.069,0.276,0.069,0.172,0.207,0.483,0.069,0.138,0.207,29,4,8,10,18,22,19,4,2,8,2,5,6,14,2,4,6
15-24,2022,0.065,0.323,0.419,0.516,0.677,0.71,0.258,0.097,0.097,0.097,0.226,0.258,0.355,0.097,0.161,0.097,31,2,10,13,16,21,22,8,3,3,3,7,8,11,3,5,3
15-24,2023,0.258,0.452,0.516,0.71,0.71,0.484,0.194,0.065,0.194,0.065,0.226,0.065,0.258,0.065,0.0,0.161,31,8,14,16,22,22,15,6,2,6,2,7,2,8,2,0,5
2-3M,2002,0.778,1.0,1.0,1.0,1.0,0.222,0.222,0.0,0.0,0.0,0.0,0.0,0.0,0.0,0.0,0.0,9,7,9,9,9,9,2,2,0,0,0,0,0,0,0,0,0
2-3M,2003,0.667,0.778,0.778,0.889,0.889,0.222,0.111,0.0,0.111,0.0,0.111,0.0,0.111,0.0,0.0,0.0,9,6,7,7,8,8,2,1,0,1,0,1,0,1,0,0,0
2-3M,2004,0.455,0.727,0.818,0.909,0.818,0.455,0.273,0.091,0.091,0.091,0.091,0.0,0.182,0.0,0.0,0.0,11,5,8,9,10,9,5,3,1,1,1,1,0,2,0,0,0
2-3M,2005,0.222,0.667,0.667,0.667,0.667,0.333,0.444,0.0,0.0,0.0,0.333,0.0,0.0,0.0,0.0,0.0,9,2,6,6,6,6,3,4,0,0,0,3,0,0,0,0,0
2-3M,2006,0.6,0.8,0.8,0.8,0.8,0.2,0.2,0.0,0.0,0.0,0.2,0.0,0.0,0.0,0.0,0.0,10,6,8,8,8,8,2,2,0,0,0,2,0,0,0,0,0
2-3M,2007,0.2,0.8,1.0,1.0,1.0,0.8,0.6,0.2,0.0,0.0,0.0,0.0,0.2,0.0,0.0,0.0,5,1,4,5,5,5,4,3,1,0,0,0,0,1,0,0,0
2-3M,2008,0.143,0.429,0.571,0.571,0.714,0.857,0.286,0.143,0.0,0.286,0.0,0.429,0.286,0.286,0.143,0.0,7,1,3,4,4,5,6,2,1,0,2,0,3,2,2,1,0
2-3M,2009,0.25,0.5,0.5,0.5,0.75,0.5,0.25,0.0,0.0,0.0,0.25,0.25,0.25,0.0,0.25,0.0,4,1,2,2,2,3,2,1,0,0,0,1,1,1,0,1,0
2-3M,2010,0.1,0.6,0.6,0.7,0.7,0.7,0.5,0.0,0.1,0.1,0.2,0.1,0.1,0.1,0.0,0.0,10,1,6,6,7,7,7,5,0,1,1,2,1,1,1,0,0
2-3M,2011,0.2,0.867,0.867,0.867,0.867,0.733,0.667,0.0,0.0,0.067,0.067,0.067,0.0,0.067,0.0,0.0,15,3,13,13,13,13,11,10,0,0,1,1,1,0,1,0,0
2-3M,2012,0.0,0.6,0.6,0.6,0.4,1.0,0.6,0.0,0.0,0.6,0.0,0.4,0.0,0.4,0.0,0.0,5,0,3,3,3,2,5,3,0,0,3,0,2,0,2,0,0
2-3M,2013,0.6,1.0,1.0,1.0,1.0,0.4,0.4,0.0,0.0,0.0,0.0,0.0,0.0,0.0,0.0,0.0,5,3,5,5,5,5,2,2,0,0,0,0,0,0,0,0,0
2-3M,2014,0.5,0.5,1.0,1.0,1.0,0.5,0.0,0.5,0.0,0.0,0.0,0.0,0.5,0.0,0.0,0.0,2,1,1,2,2,2,1,0,1,0,0,0,0,1,0,0,0
2-3M,2015,0.4,0.6,0.8,0.8,1.0,0.6,0.2,0.2,0.0,0.0,0.0,0.2,0.4,0.0,0.2,0.0,5,2,3,4,4,5,3,1,1,0,0,0,1,2,0,1,0
2-3M,2016,0.0,0.125,0.25,0.5,0.5,0.5,0.125,0.125,0.25,0.125,0.375,0.125,0.375,0.125,0.0,0.0,8,0,1,2,4,4,4,1,1,2,1,3,1,3,1,0,0
2-3M,2017,0.125,0.25,0.25,0.375,0.375,0.25,0.125,0.0,0.125,0.0,0.625,0.0,0.125,0.0,0.0,0.0,8,1,2,2,3,3,2,1,0,1,0,5,0,1,0,0,0
2-3M,2018,0.375,0.5,0.75,0.875,0.875,0.5,0.125,0.25,0.125,0.0,0.125,0.0,0.375,0.0,0.0,0.0,8,3,4,6,7,7,4,1,2,1,0,1,0,3,0,0,0
2-3M,2019,0.333,0.667,0.667,0.667,0.667,0.333,0.333,0.0,0.0,0.0,0.333,0.0,0.0,0.0,0.0,0.0,6,2,4,4,4,4,2,2,0,0,0,2,0,0,0,0,0
2-3M,2020,0.333,0.333,0.333,0.667,0.667,0.667,0.0,0.0,0.333,0.333,0.0,0.333,0.333,0.333,0.0,0.0,3,1,1,1,2,2,2,0,0,1,1,0,1,1,1,0,0
2-3M,2021,0.091,0.182,0.364,0.545,0.545,0.545,0.091,0.182,0.182,0.091,0.364,0.091,0.364,0.091,0.0,0.182,11,1,2,4,6,6,6,1,2,2,1,4,1,4,1,0,2
2-3M,2022,0.0,0.0,0.0,0.667,0.667,0.333,0.0,0.0,0.667,0.0,0.333,0.0,0.667,0.0,0.0,0.0,3,0,0,0,2,2,1,0,0,2,0,1,0,2,0,0,0
2-3M,2023,0.25,0.25,0.5,0.75,0.75,0.5,0.0,0.25,0.25,0.0,0.25,0.0,0.5,0.0,0.0,0.0,4,1,1,2,3,3,2,0,1,1,0,1,0,2,0,0,0
25-49,2002,0.599,0.697,0.727,0.766,0.778,0.167,0.099,0.03,0.039,0.015,0.207,0.025,0.089,0.007,0.02,0.005,406,243,283,295,311,316,68,40,12,16,6,84,10,36,3,8,2
25-49,2003,0.611,0.704,0.767,0.814,0.808,0.208,0.093,0.063,0.047,0.022,0.17,0.016,0.115,0.011,0.005,0.022,365,223,257,280,297,295,76,34,23,17,8,62,6,42,4,2,8
25-49,2004,0.661,0.78,0.817,0.858,0.853,0.204,0.119,0.036,0.041,0.031,0.116,0.026,0.09,0.013,0.013,0.018,387,256,302,316,332,330,79,46,14,16,12,45,10,35,5,5,7
25-49,2005,0.624,0.761,0.801,0.847,0.838,0.229,0.138,0.04,0.046,0.04,0.122,0.031,0.107,0.009,0.021,0.015,327,204,249,262,277,274,75,45,13,15,13,40,10,35,3,7,5
25-49,2006,0.426,0.681,0.738,0.833,0.844,0.403,0.255,0.057,0.095,0.046,0.11,0.057,0.183,0.027,0.03,0.046,263,112,179,194,219,222,106,67,15,25,12,29,15,48,7,8,12
25-49,2007,0.279,0.609,0.696,0.775,0.801,0.504,0.33,0.087,0.08,0.047,0.152,0.072,0.203,0.036,0.036,0.022,276,77,168,192,214,221,139,91,24,22,13,42,20,56,10,10,6
25-49,2008,0.235,0.623,0.702,0.761,0.817,0.602,0.388,0.08,0.059,0.066,0.118,0.121,0.204,0.055,0.066,0.021,289,68,180,203,220,236,174,112,23,17,19,34,35,59,16,19,6
25-49,2009,0.178,0.638,0.714,0.808,0.826,0.62,0.46,0.076,0.094,0.036,0.138,0.054,0.196,0.029,0.025,0.043,276,49,176,197,223,228,171,127,21,26,10,38,15,54,8,7,12
25-49,2010,0.136,0.601,0.685,0.766,0.783,0.692,0.465,0.084,0.08,0.098,0.119,0.115,0.192,0.087,0.028,0.028,286,39,172,196,219,224,198,133,24,23,28,34,33,55,25,8,8
25-49,2011,0.071,0.63,0.714,0.773,0.789,0.755,0.559,0.084,0.059,0.084,0.127,0.099,0.168,0.075,0.025,0.028,322,23,203,230,249,254,243,180,27,19,27,41,32,54,24,8,9
25-49,2012,0.061,0.609,0.698,0.76,0.804,0.749,0.547,0.089,0.061,0.075,0.12,0.12,0.198,0.073,0.047,0.025,358,22,218,250,272,288,268,196,32,22,27,43,43,71,26,17,9
25-49,2013,0.091,0.561,0.66,0.747,0.789,0.754,0.47,0.098,0.088,0.102,0.109,0.144,0.228,0.102,0.042,0.042,285,26,160,188,213,225,215,134,28,25,29,31,41,65,29,12,12
25-49,2014,0.091,0.475,0.582,0.7,0.764,0.76,0.384,0.106,0.118,0.106,0.129,0.171,0.289,0.106,0.065,0.038,263,24,125,153,184,201,200,101,28,31,28,34,45,76,28,17,10
25-49,2015,0.064,0.382,0.495,0.636,0.732,0.814,0.318,0.114,0.141,0.159,0.109,0.255,0.355,0.155,0.1,0.073,220,14,84,109,140,161,179,70,25,31,35,24,56,78,34,22,16
25-49,2016,0.098,0.392,0.51,0.653,0.751,0.796,0.294,0.118,0.143,0.163,0.086,0.261,0.359,0.163,0.098,0.065,245,24,96,125,160,184,195,72,29,35,40,21,64,88,40,24,16
25-49,2017,0.097,0.349,0.45,0.591,0.703,0.751,0.253,0.1,0.141,0.156,0.141,0.268,0.353,0.156,0.112,0.056,269,26,94,121,159,189,202,68,27,38,42,38,72,95,42,30,15
25-49,2018,0.139,0.407,0.535,0.67,0.762,0.714,0.267,0.128,0.136,0.114,0.125,0.201,0.355,0.114,0.092,0.07,273,38,111,146,183,208,195,73,35,37,31,34,55,97,31,25,19
25-49,2019,0.135,0.44,0.528,0.681,0.766,0.713,0.305,0.089,0.152,0.099,0.135,0.181,0.33,0.096,0.089,0.06,282,38,124,149,192,216,201,86,25,43,28,38,51,93,27,25,17
25-49,2020,0.113,0.366,0.415,0.627,0.732,0.739,0.254,0.049,0.211,0.155,0.113,0.261,0.366,0.155,0.106,0.12,142,16,52,59,89,104,105,36,7,30,22,16,37,52,22,15,17
25-49,2021,0.17,0.375,0.511,0.67,0.727,0.676,0.205,0.136,0.159,0.142,0.131,0.199,0.352,0.142,0.057,0.074,176,30,66,90,118,128,119,36,24,28,25,23,35,62,25,10,13
25-49,2022,0.148,0.348,0.483,0.678,0.761,0.678,0.2,0.135,0.196,0.083,0.157,0.165,0.413,0.083,0.083,0.087,230,34,80,111,156,175,156,46,31,45,19,36,38,95,19,19,20
25-49,2023,0.13,0.348,0.468,0.672,0.729,0.702,0.217,0.12,0.204,0.124,0.147,0.181,0.385,0.12,0.06,0.13,299,39,104,140,201,218,210,65,36,61,37,44,54,115,36,18,39
4-5M,2002,0.7,0.75,0.8,0.8,0.8,0.1,0.05,0.05,0.0,0.0,0.2,0.0,0.05,0.0,0.0,0.0,20,14,15,16,16,16,2,1,1,0,0,4,0,1,0,0,0
4-5M,2003,0.636,0.773,0.773,0.773,0.818,0.182,0.136,0.0,0.0,0.0,0.182,0.045,0.045,0.0,0.045,0.0,22,14,17,17,17,18,4,3,0,0,0,4,1,1,0,1,0
4-5M,2004,0.783,0.87,0.87,0.957,0.87,0.13,0.087,0.0,0.087,0.087,0.043,0.0,0.087,0.0,0.0,0.043,23,18,20,20,22,20,3,2,0,2,2,1,0,2,0,0,1
4-5M,2005,0.167,0.167,0.5,0.5,0.5,0.667,0.0,0.333,0.0,0.333,0.167,0.333,0.333,0.333,0.0,0.0,6,1,1,3,3,3,4,0,2,0,2,1,2,2,2,0,0
4-5M,2006,0.2,0.8,1.0,1.0,1.0,0.8,0.6,0.2,0.0,0.0,0.0,0.0,0.2,0.0,0.0,0.0,5,1,4,5,5,5,4,3,1,0,0,0,0,1,0,0,0
4-5M,2007,0.0,0.5,0.75,0.75,0.5,0.75,0.5,0.25,0.0,0.25,0.25,0.0,0.25,0.0,0.0,0.0,4,0,2,3,3,2,3,2,1,0,1,1,0,1,0,0,0
4-5M,2008,0.083,0.583,0.667,0.667,0.667,0.583,0.5,0.083,0.0,0.0,0.333,0.0,0.083,0.0,0.0,0.0,12,1,7,8,8,8,7,6,1,0,0,4,0,1,0,0,0
4-5M,2009,0.333,0.833,1.0,1.0,1.0,0.667,0.5,0.167,0.0,0.0,0.0,0.0,0.167,0.0,0.0,0.0,6,2,5,6,6,6,4,3,1,0,0,0,0,1,0,0,0
4-5M,2010,0.071,0.571,0.643,0.643,0.643,0.714,0.5,0.071,0.0,0.143,0.214,0.143,0.071,0.143,0.0,0.0,14,1,8,9,9,9,10,7,1,0,2,3,2,1,2,0,0
4-5M,2011,0.0,1.0,1.0,1.0,1.0,1.0,1.0,0.0,0.0,0.0,0.0,0.0,0.0,0.0,0.0,0.0,2,0,2,2,2,2,2,2,0,0,0,0,0,0,0,0,0
4-5M,2012,0.111,0.333,0.556,0.556,0.778,0.889,0.222,0.222,0.0,0.222,0.0,0.444,0.444,0.222,0.222,0.0,9,1,3,5,5,7,8,2,2,0,2,0,4,4,2,2,0
4-5M,2013,0.0,0.667,0.667,0.667,0.667,0.667,0.667,0.0,0.0,0.0,0.333,0.0,0.0,0.0,0.0,0.0,3,0,2,2,2,2,2,2,0,0,0,1,0,0,0,0,0
4-5M,2014,0.1,0.3,0.3,0.3,0.3,0.5,0.2,0.0,0.0,0.3,0.4,0.3,0.0,0.3,0.0,0.0,10,1,3,3,3,3,5,2,0,0,3,4,3,0,3,0,0
4-5M,2015,0.143,0.571,0.714,0.714,0.857,0.714,0.429,0.143,0.0,0.0,0.143,0.143,0.286,0.0,0.143,0.0,7,1,4,5,5,6,5,3,1,0,0,1,1,2,0,1,0
4-5M,2016,0.0,0.0,0.0,0.0,0.25,0.75,0.0,0.0,0.0,0.5,0.25,0.75,0.25,0.5,0.25,0.0,4,0,0,0,0,1,3,0,0,0,2,1,3,1,2,1,0
4-5M,2017,0.364,0.455,0.455,0.545,0.545,0.182,0.091,0.0,0.091,0.091,0.364,0.091,0.091,0.091,0.0,0.0,11,4,5,5,6,6,2,1,0,1,1,4,1,1,1,0,0
4-5M,2018,0.286,0.429,0.571,0.571,0.571,0.571,0.143,0.143,0.0,0.286,0.143,0.286,0.143,0.286,0.0,0.0,7,2,3,4,4,4,4,1,1,0,2,1,2,1,2,0,0
4-5M,2019,0.091,0.182,0.364,0.545,0.545,0.455,0.091,0.182,0.182,0.0,0.455,0.0,0.364,0.0,0.0,0.091,11,1,2,4,6,6,5,1,2,2,0,5,0,4,0,0,1
4-5M,2020,0.0,0.25,0.5,0.5,0.5,0.5,0.25,0.25,0.0,0.0,0.5,0.0,0.25,0.0,0.0,0.0,4,0,1,2,2,2,2,1,1,0,0,2,0,1,0,0,0
4-5M,2021,0.25,0.25,0.25,0.5,0.5,0.25,0.0,0.0,0.25,0.25,0.25,0.25,0.25,0.25,0.0,0.0,4,1,1,1,2,2,1,0,0,1,1,1,1,1,1,0,0
4-5M,2022,0.0,0.091,0.182,0.364,0.455,0.455,0.091,0.091,0.182,0.0,0.545,0.091,0.364,0.0,0.091,0.091,11,0,1,2,4,5,5,1,1,2,0,6,1,4,0,1,1
4-5M,2023,0.0,0.143,0.143,0.286,0.286,0.571,0.143,0.0,0.143,0.286,0.429,0.286,0.143,0.286,0.0,0.0,7,0,1,1,2,2,4,1,0,1,2,3,2,1,2,0,0
5-14,2002,0.583,0.722,0.741,0.759,0.731,0.176,0.139,0.019,0.019,0.065,0.204,0.037,0.046,0.028,0.009,0.0,108,63,78,80,82,79,19,15,2,2,7,22,4,5,3,1,0
5-14,2003,0.671,0.805,0.841,0.866,0.805,0.183,0.134,0.037,0.024,0.073,0.122,0.012,0.061,0.012,0.0,0.0,82,55,66,69,71,66,15,11,3,2,6,10,1,5,1,0,0
5-14,2004,0.681,0.833,0.861,0.875,0.833,0.194,0.153,0.028,0.014,0.083,0.083,0.042,0.042,0.042,0.0,0.0,72,49,60,62,63,60,14,11,2,1,6,6,3,3,3,0,0
5-14,2005,0.59,0.754,0.77,0.787,0.787,0.148,0.164,0.016,0.016,0.016,0.197,0.016,0.033,0.016,0.0,0.0,61,36,46,47,48,48,9,10,1,1,1,12,1,2,1,0,0
5-14,2006,0.492,0.77,0.803,0.836,0.803,0.262,0.279,0.033,0.033,0.049,0.148,0.016,0.066,0.016,0.0,0.0,61,30,47,49,51,49,16,17,2,2,3,9,1,4,1,0,0
5-14,2007,0.333,0.556,0.556,0.704,0.741,0.389,0.222,0.0,0.148,0.111,0.148,0.148,0.185,0.111,0.037,0.0,54,18,30,30,38,40,21,12,0,8,6,8,8,10,6,2,0
5-14,2008,0.328,0.656,0.738,0.82,0.803,0.41,0.328,0.082,0.082,0.082,0.115,0.066,0.164,0.066,0.0,0.016,61,20,40,45,50,49,25,20,5,5,5,7,4,10,4,0,1
5-14,2009,0.13,0.481,0.574,0.648,0.685,0.481,0.352,0.093,0.074,0.037,0.278,0.074,0.204,0.037,0.037,0.019,54,7,26,31,35,37,26,19,5,4,2,15,4,11,2,2,1
5-14,2010,0.119,0.582,0.642,0.687,0.687,0.612,0.463,0.06,0.045,0.119,0.194,0.119,0.119,0.104,0.015,0.0,67,8,39,43,46,46,41,31,4,3,8,13,8,8,7,1,0
5-14,2011,0.067,0.551,0.618,0.697,0.697,0.551,0.483,0.067,0.079,0.101,0.202,0.101,0.146,0.101,0.0,0.011,89,6,49,55,62,62,49,43,6,7,9,18,9,13,9,0,1
5-14,2012,0.013,0.506,0.519,0.558,0.558,0.532,0.494,0.013,0.039,0.143,0.299,0.143,0.065,0.13,0.013,0.0,77,1,39,40,43,43,41,38,1,3,11,23,11,5,10,1,0
5-14,2013,0.119,0.448,0.507,0.612,0.642,0.657,0.328,0.06,0.104,0.164,0.194,0.194,0.194,0.164,0.03,0.045,67,8,30,34,41,43,44,22,4,7,11,13,13,13,11,2,3
5-14,2014,0.173,0.519,0.558,0.635,0.712,0.519,0.346,0.038,0.077,0.096,0.192,0.173,0.192,0.096,0.077,0.0,52,9,27,29,33,37,27,18,2,4,5,10,9,10,5,4,0
5-14,2015,0.122,0.408,0.429,0.592,0.592,0.653,0.286,0.02,0.163,0.224,0.184,0.224,0.184,0.224,0.0,0.02,49,6,20,21,29,29,32,14,1,8,11,9,11,9,11,0,1
5-14,2016,0.1,0.429,0.471,0.514,0.514,0.629,0.329,0.043,0.043,0.229,0.257,0.229,0.086,0.229,0.0,0.0,70,7,30,33,36,36,44,23,3,3,16,18,16,6,16,0,0
5-14,2017,0.095,0.392,0.432,0.5,0.541,0.568,0.297,0.041,0.068,0.135,0.324,0.176,0.149,0.135,0.041,0.014,74,7,29,32,37,40,42,22,3,5,10,24,13,11,10,3,1
5-14,2018,0.155,0.451,0.493,0.535,0.535,0.507,0.296,0.042,0.042,0.155,0.31,0.155,0.085,0.155,0.0,0.0,71,11,32,35,38,38,36,21,3,3,11,22,11,6,11,0,0
5-14,2019,0.108,0.419,0.462,0.538,0.57,0.634,0.312,0.043,0.075,0.183,0.247,0.215,0.151,0.183,0.032,0.011,93,10,39,43,50,53,59,29,4,7,17,23,20,14,17,3,1
5-14,2020,0.071,0.393,0.464,0.571,0.571,0.571,0.321,0.071,0.107,0.107,0.321,0.107,0.179,0.107,0.0,0.0,28,2,11,13,16,16,16,9,2,3,3,9,3,5,3,0,0
5-14,2021,0.132,0.34,0.415,0.528,0.509,0.566,0.208,0.075,0.113,0.264,0.226,0.245,0.189,0.245,0.0,0.0,53,7,18,22,28,27,30,11,4,6,14,12,13,10,13,0,0
5-14,2022,0.132,0.481,0.528,0.566,0.575,0.528,0.349,0.047,0.038,0.094,0.33,0.104,0.094,0.094,0.009,0.0,106,14,51,56,60,61,56,37,5,4,10,35,11,10,10,1,0
5-14,2023,0.121,0.452,0.503,0.567,0.567,0.484,0.331,0.051,0.064,0.064,0.369,0.064,0.121,0.057,0.006,0.013,157,19,71,79,89,89,76,52,8,10,10,58,10,19,9,1,2
50-64,2002,0.567,0.684,0.7,0.743,0.775,0.212,0.117,0.016,0.042,0.023,0.202,0.055,0.101,0.013,0.042,0.016,307,174,210,215,228,238,65,36,5,13,7,62,17,31,4,13,5
50-64,2003,0.596,0.717,0.765,0.813,0.805,0.224,0.121,0.048,0.048,0.029,0.165,0.022,0.103,0.015,0.007,0.011,272,162,195,208,221,219,61,33,13,13,8,45,6,28,4,2,3
50-64,2004,0.605,0.731,0.762,0.805,0.837,0.246,0.126,0.032,0.043,0.026,0.138,0.057,0.112,0.02,0.037,0.011,349,211,255,266,281,292,86,44,11,15,9,48,20,39,7,13,4
50-64,2005,0.548,0.744,0.791,0.814,0.797,0.289,0.196,0.047,0.023,0.053,0.15,0.037,0.09,0.017,0.02,0.01,301,165,224,238,245,240,87,59,14,7,16,45,11,27,5,6,3
50-64,2006,0.45,0.651,0.767,0.822,0.833,0.403,0.202,0.116,0.054,0.043,0.124,0.054,0.209,0.016,0.039,0.016,258,116,168,198,212,215,104,52,30,14,11,32,14,54,4,10,4
50-64,2007,0.306,0.639,0.737,0.8,0.8,0.553,0.333,0.098,0.063,0.086,0.114,0.086,0.188,0.059,0.027,0.016,255,78,163,188,204,204,141,85,25,16,22,29,22,48,15,7,4
50-64,2008,0.157,0.554,0.672,0.744,0.738,0.626,0.397,0.118,0.072,0.098,0.164,0.092,0.223,0.059,0.033,0.02,305,48,169,205,227,225,191,121,36,22,30,50,28,68,18,10,6
50-64,2009,0.175,0.535,0.678,0.752,0.773,0.668,0.36,0.143,0.073,0.101,0.126,0.122,0.252,0.087,0.035,0.017,286,50,153,194,215,221,191,103,41,21,29,36,35,72,25,10,5
50-64,2010,0.091,0.543,0.647,0.716,0.722,0.726,0.451,0.104,0.069,0.117,0.161,0.12,0.208,0.088,0.035,0.013,317,29,172,205,227,229,230,143,33,22,37,51,38,66,28,11,4
50-64,2011,0.1,0.536,0.632,0.726,0.745,0.729,0.436,0.097,0.093,0.121,0.134,0.137,0.215,0.115,0.025,0.025,321,32,172,203,233,239,234,140,31,30,39,43,44,69,37,8,8
50-64,2012,0.075,0.491,0.609,0.696,0.755,0.764,0.416,0.118,0.087,0.106,0.14,0.165,0.267,0.102,0.062,0.019,322,24,158,196,224,243,246,134,38,28,34,45,53,86,33,20,6
50-64,2013,0.064,0.391,0.537,0.648,0.683,0.779,0.327,0.146,0.11,0.181,0.135,0.217,0.31,0.164,0.053,0.032,281,18,110,151,182,192,219,92,41,31,51,38,61,87,46,15,9
50-64,2014,0.126,0.428,0.531,0.632,0.701,0.717,0.302,0.104,0.101,0.164,0.135,0.23,0.277,0.16,0.072,0.025,318,40,136,169,201,223,228,96,33,32,52,43,73,88,51,23,8
50-64,2015,0.077,0.318,0.452,0.575,0.669,0.783,0.241,0.134,0.124,0.211,0.12,0.304,0.355,0.207,0.097,0.033,299,23,95,135,172,200,234,72,40,37,63,36,91,106,62,29,10
50-64,2016,0.104,0.303,0.422,0.509,0.636,0.772,0.199,0.118,0.087,0.249,0.116,0.376,0.335,0.246,0.13,0.023,346,36,105,146,176,220,267,69,41,30,86,40,130,116,85,45,8
50-64,2017,0.114,0.336,0.491,0.59,0.709,0.773,0.222,0.156,0.099,0.185,0.106,0.304,0.378,0.18,0.123,0.03,405,46,136,199,239,287,313,90,63,40,75,43,123,153,73,50,12
50-64,2018,0.11,0.29,0.442,0.558,0.689,0.716,0.18,0.153,0.115,0.153,0.158,0.284,0.408,0.145,0.139,0.046,373,41,108,165,208,257,267,67,57,43,57,59,106,152,54,52,17
50-64,2019,0.096,0.319,0.457,0.578,0.684,0.733,0.222,0.138,0.121,0.165,0.151,0.272,0.365,0.165,0.106,0.017,405,39,129,185,234,277,297,90,56,49,67,61,110,148,67,43,7
50-64,2020,0.11,0.256,0.372,0.558,0.669,0.709,0.145,0.116,0.186,0.186,0.145,0.297,0.413,0.186,0.11,0.076,172,19,44,64,96,115,122,25,20,32,32,25,51,71,32,19,13
50-64,2021,0.131,0.33,0.427,0.602,0.709,0.68,0.199,0.097,0.175,0.136,0.155,0.243,0.379,0.136,0.107,0.058,206,27,68,88,124,146,140,41,20,36,28,32,50,78,28,22,12
50-64,2022,0.11,0.34,0.481,0.616,0.679,0.704,0.23,0.142,0.135,0.16,0.16,0.223,0.34,0.16,0.063,0.066,318,35,108,153,196,216,224,73,45,43,51,51,71,108,51,20,21
50-64,2023,0.141,0.346,0.495,0.646,0.745,0.739,0.205,0.149,0.152,0.144,0.112,0.242,0.399,0.144,0.098,0.077,376,53,130,186,243,280,278,77,56,57,54,42,91,150,54,37,29
6-11M,2002,0.69,0.77,0.77,0.802,0.81,0.111,0.079,0.0,0.032,0.008,0.183,0.016,0.04,0.008,0.008,0.008,126,87,97,97,101,102,14,10,0,4,1,23,2,5,1,1,1
6-11M,2003,0.778,0.849,0.881,0.897,0.873,0.119,0.071,0.032,0.016,0.032,0.095,0.008,0.056,0.0,0.008,0.0,126,98,107,111,113,110,15,9,4,2,4,12,1,7,0,1,0
6-11M,2004,0.824,0.901,0.901,0.916,0.885,0.092,0.076,0.0,0.015,0.038,0.076,0.008,0.015,0.008,0.0,0.0,131,108,118,118,120,116,12,10,0,2,5,10,1,2,1,0,0
6-11M,2005,0.586,0.759,0.759,0.759,0.793,0.241,0.172,0.0,0.0,0.034,0.172,0.069,0.034,0.034,0.034,0.0,29,17,22,22,22,23,7,5,0,0,1,5,2,1,1,1,0
6-11M,2006,0.158,0.789,0.789,0.842,0.789,0.737,0.632,0.0,0.053,0.158,0.053,0.105,0.053,0.105,0.0,0.0,19,3,15,15,16,15,14,12,0,1,3,1,2,1,2,0,0
6-11M,2007,0.043,0.609,0.652,0.87,0.739,0.783,0.565,0.043,0.217,0.13,0.13,0.0,0.261,0.0,0.0,0.043,23,1,14,15,20,17,18,13,1,5,3,3,0,6,0,0,1
6-11M,2008,0.036,0.536,0.679,0.679,0.714,0.786,0.5,0.143,0.0,0.107,0.179,0.143,0.179,0.107,0.036,0.0,28,1,15,19,19,20,22,14,4,0,3,5,4,5,3,1,0
6-11M,2009,0.029,0.676,0.824,0.824,0.853,0.941,0.647,0.147,0.0,0.118,0.029,0.147,0.176,0.118,0.029,0.0,34,1,23,28,28,29,32,22,5,0,4,1,5,6,4,1,0
6-11M,2010,0.059,0.588,0.618,0.676,0.647,0.618,0.529,0.029,0.059,0.088,0.265,0.059,0.088,0.059,0.0,0.0,34,2,20,21,23,22,21,18,1,2,3,9,2,3,2,0,0
6-11M,2011,0.037,0.704,0.704,0.778,0.778,0.889,0.667,0.0,0.074,0.148,0.074,0.148,0.074,0.148,0.0,0.0,27,1,19,19,21,21,24,18,0,2,4,2,4,2,4,0,0
6-11M,2012,0.0,0.0,0.0,0.333,0.333,0.667,0.0,0.0,0.333,0.444,0.222,0.444,0.333,0.444,0.0,0.0,9,0,0,0,3,3,6,0,0,3,4,2,4,3,4,0,0
6-11M,2013,0.0,0.0,0.143,0.429,0.714,0.714,0.0,0.143,0.286,0.143,0.143,0.429,0.714,0.143,0.286,0.143,7,0,0,1,3,5,5,0,1,2,1,1,3,5,1,2,1
6-11M,2014,0.05,0.2,0.35,0.45,0.5,0.75,0.15,0.15,0.1,0.3,0.2,0.35,0.3,0.3,0.05,0.0,20,1,4,7,9,10,15,3,3,2,6,4,7,6,6,1,0
6-11M,2015,0.05,0.25,0.35,0.4,0.4,0.65,0.2,0.1,0.05,0.3,0.3,0.3,0.15,0.3,0.0,0.0,20,1,5,7,8,8,13,4,2,1,6,6,6,3,6,0,0
6-11M,2016,0.083,0.25,0.292,0.375,0.375,0.417,0.167,0.042,0.083,0.125,0.5,0.125,0.125,0.125,0.0,0.0,24,2,6,7,9,9,10,4,1,2,3,12,3,3,3,0,0
6-11M,2017,0.083,0.083,0.25,0.333,0.361,0.472,0.0,0.167,0.083,0.25,0.389,0.278,0.278,0.25,0.028,0.0,36,3,3,9,12,13,17,0,6,3,9,14,10,10,9,1,0
6-11M,2018,0.03,0.212,0.273,0.424,0.424,0.455,0.182,0.061,0.152,0.121,0.455,0.121,0.212,0.121,0.0,0.0,33,1,7,9,14,14,15,6,2,5,4,15,4,7,4,0,0
6-11M,2019,0.125,0.313,0.406,0.5,0.563,0.594,0.188,0.094,0.094,0.156,0.281,0.219,0.25,0.156,0.063,0.0,32,4,10,13,16,18,19,6,3,3,5,9,7,8,5,2,0
6-11M,2020,0.08,0.16,0.24,0.36,0.36,0.44,0.08,0.08,0.12,0.24,0.4,0.24,0.2,0.24,0.0,0.0,25,2,4,6,9,9,11,2,2,3,6,10,6,5,6,0,0
6-11M,2021,0.077,0.154,0.256,0.359,0.359,0.513,0.077,0.103,0.103,0.256,0.385,0.256,0.205,0.256,0.0,0.0,39,3,6,10,14,14,20,3,4,4,10,15,10,8,10,0,0
6-11M,2022,0.091,0.159,0.205,0.341,0.341,0.227,0.068,0.045,0.136,0.045,0.614,0.045,0.182,0.045,0.0,0.0,44,4,7,9,15,15,10,3,2,6,2,27,2,8,2,0,0
6-11M,2023,0.023,0.227,0.455,0.545,0.545,0.523,0.205,0.227,0.091,0.045,0.409,0.045,0.318,0.045,0.0,0.023,44,1,10,20,24,24,23,9,10,4,2,18,2,14,2,0,1
65-69,2002,0.573,0.708,0.76,0.792,0.813,0.25,0.135,0.052,0.031,0.01,0.177,0.031,0.115,0.0,0.031,0.021,96,55,68,73,76,78,24,13,5,3,1,17,3,11,0,3,2
65-69,2003,0.617,0.757,0.813,0.86,0.841,0.271,0.14,0.056,0.047,0.047,0.112,0.028,0.112,0.019,0.009,0.019,107,66,81,87,92,90,29,15,6,5,5,12,3,12,2,1,2
65-69,2004,0.647,0.765,0.807,0.815,0.824,0.227,0.118,0.042,0.008,0.05,0.126,0.059,0.092,0.017,0.042,0.0,119,77,91,96,97,98,27,14,5,1,6,15,7,11,2,5,0
65-69,2005,0.57,0.733,0.814,0.884,0.837,0.314,0.163,0.081,0.07,0.07,0.093,0.023,0.163,0.012,0.012,0.023,86,49,63,70,76,72,27,14,7,6,6,8,2,14,1,1,2
65-69,2006,0.352,0.648,0.752,0.81,0.819,0.486,0.295,0.105,0.057,0.057,0.124,0.067,0.19,0.038,0.029,0.01,105,37,68,79,85,86,51,31,11,6,6,13,7,20,4,3,1
65-69,2007,0.316,0.608,0.709,0.747,0.709,0.481,0.291,0.101,0.038,0.101,0.19,0.063,0.152,0.051,0.013,0.013,79,25,48,56,59,56,38,23,8,3,8,15,5,12,4,1,1
65-69,2008,0.227,0.557,0.639,0.701,0.711,0.598,0.33,0.082,0.062,0.113,0.175,0.124,0.196,0.072,0.052,0.01,97,22,54,62,68,69,58,32,8,6,11,17,12,19,7,5,1
65-69,2009,0.143,0.531,0.633,0.745,0.704,0.633,0.388,0.102,0.112,0.133,0.163,0.092,0.235,0.071,0.02,0.02,98,14,52,62,73,69,62,38,10,11,13,16,9,23,7,2,2
65-69,2010,0.137,0.442,0.621,0.674,0.674,0.6,0.305,0.179,0.053,0.084,0.242,0.084,0.242,0.074,0.011,0.0,95,13,42,59,64,64,57,29,17,5,8,23,8,23,7,1,0
65-69,2011,0.117,0.461,0.523,0.609,0.648,0.648,0.344,0.063,0.086,0.148,0.203,0.188,0.195,0.141,0.047,0.031,128,15,59,67,78,83,83,44,8,11,19,26,24,25,18,6,4
65-69,2012,0.04,0.452,0.581,0.669,0.661,0.806,0.411,0.129,0.089,0.194,0.145,0.185,0.234,0.169,0.016,0.016,124,5,56,72,83,82,100,51,16,11,24,18,23,29,21,2,2
65-69,2013,0.058,0.372,0.496,0.57,0.678,0.777,0.314,0.124,0.074,0.174,0.149,0.281,0.306,0.174,0.107,0.017,121,7,45,60,69,82,94,38,15,9,21,18,34,37,21,13,2
65-69,2014,0.102,0.365,0.467,0.577,0.628,0.693,0.263,0.102,0.109,0.197,0.175,0.248,0.27,0.19,0.058,0.029,137,14,50,64,79,86,95,36,14,15,27,24,34,37,26,8,4
65-69,2015,0.087,0.27,0.452,0.583,0.652,0.739,0.183,0.183,0.13,0.217,0.13,0.287,0.391,0.209,0.078,0.035,115,10,31,52,67,75,85,21,21,15,25,15,33,45,24,9,4
65-69,2016,0.084,0.221,0.344,0.481,0.595,0.817,0.137,0.122,0.137,0.313,0.092,0.427,0.374,0.313,0.115,0.038,131,11,29,45,63,78,107,18,16,18,41,12,56,49,41,15,5
65-69,2017,0.073,0.315,0.412,0.533,0.63,0.794,0.242,0.097,0.121,0.261,0.109,0.358,0.315,0.261,0.097,0.024,165,12,52,68,88,104,131,40,16,20,43,18,59,52,43,16,4
65-69,2018,0.113,0.286,0.44,0.589,0.661,0.702,0.173,0.155,0.149,0.173,0.167,0.244,0.375,0.173,0.071,0.042,168,19,48,74,99,111,118,29,26,25,29,28,41,63,29,12,7
65-69,2019,0.127,0.293,0.376,0.465,0.561,0.688,0.166,0.083,0.089,0.261,0.178,0.357,0.268,0.261,0.096,0.045,157,20,46,59,73,88,108,26,13,14,41,28,56,42,41,15,7
65-69,2020,0.131,0.298,0.44,0.548,0.655,0.726,0.167,0.143,0.107,0.214,0.131,0.321,0.357,0.214,0.107,0.036,84,11,25,37,46,55,61,14,12,9,18,11,27,30,18,9,3
65-69,2021,0.084,0.221,0.284,0.389,0.495,0.695,0.137,0.063,0.105,0.316,0.189,0.421,0.274,0.316,0.105,0.021,95,8,21,27,37,47,66,13,6,10,30,18,40,26,30,10,2
65-69,2022,0.076,0.215,0.361,0.486,0.542,0.632,0.139,0.146,0.125,0.201,0.257,0.257,0.326,0.201,0.056,0.007,144,11,31,52,70,78,91,20,21,18,29,37,37,47,29,8,1
65-69,2023,0.106,0.273,0.495,0.631,0.742,0.778,0.167,0.222,0.136,0.167,0.091,0.278,0.475,0.162,0.116,0.045,198,21,54,98,125,147,154,33,44,27,33,18,55,94,32,23,9
70-74,2002,0.54,0.621,0.677,0.71,0.718,0.218,0.081,0.056,0.032,0.04,0.242,0.048,0.121,0.016,0.032,0.0,124,67,77,84,88,89,27,10,7,4,5,30,6,15,2,4,0
70-74,2003,0.579,0.72,0.757,0.785,0.738,0.224,0.14,0.037,0.028,0.065,0.196,0.019,0.075,0.009,0.009,0.0,107,62,77,81,84,79,24,15,4,3,7,21,2,8,1,1,0
70-74,2004,0.558,0.696,0.754,0.826,0.79,0.268,0.138,0.058,0.072,0.065,0.145,0.029,0.145,0.014,0.014,0.014,138,77,96,104,114,109,37,19,8,10,9,20,4,20,2,2,2
70-74,2005,0.57,0.77,0.83,0.83,0.83,0.32,0.2,0.06,0.0,0.07,0.1,0.07,0.12,0.01,0.06,0.0,100,57,77,83,83,83,32,20,6,0,7,10,7,12,1,6,0
70-74,2006,0.388,0.675,0.75,0.813,0.763,0.45,0.288,0.075,0.063,0.125,0.113,0.075,0.175,0.038,0.038,0.0,80,31,54,60,65,61,36,23,6,5,10,9,6,14,3,3,0
70-74,2007,0.289,0.5,0.592,0.697,0.711,0.474,0.211,0.092,0.105,0.066,0.224,0.079,0.237,0.039,0.039,0.013,76,22,38,45,53,54,36,16,7,8,5,17,6,18,3,3,1
70-74,2008,0.143,0.51,0.633,0.694,0.673,0.653,0.367,0.122,0.061,0.153,0.173,0.122,0.224,0.092,0.041,0.01,98,14,50,62,68,66,64,36,12,6,15,17,12,22,9,4,1
70-74,2009,0.192,0.5,0.628,0.731,0.705,0.59,0.308,0.128,0.103,0.115,0.179,0.09,0.231,0.09,0.0,0.013,78,15,39,49,57,55,46,24,10,8,9,14,7,18,7,0,1
70-74,2010,0.151,0.477,0.628,0.663,0.64,0.593,0.326,0.151,0.035,0.14,0.221,0.116,0.198,0.105,0.012,0.012,86,13,41,54,57,55,51,28,13,3,12,19,10,17,9,1,1
70-74,2011,0.128,0.489,0.585,0.638,0.66,0.628,0.362,0.096,0.053,0.128,0.213,0.149,0.17,0.128,0.021,0.0,94,12,46,55,60,62,59,34,9,5,12,20,14,16,12,2,0
70-74,2012,0.12,0.41,0.56,0.6,0.65,0.66,0.29,0.15,0.04,0.16,0.19,0.21,0.24,0.16,0.05,0.0,100,12,41,56,60,65,66,29,15,4,16,19,21,24,16,5,0
70-74,2013,0.113,0.33,0.505,0.577,0.619,0.67,0.216,0.175,0.072,0.196,0.186,0.237,0.289,0.196,0.041,0.0,97,11,32,49,56,60,65,21,17,7,19,18,23,28,19,4,0
70-74,2014,0.079,0.303,0.449,0.528,0.551,0.764,0.225,0.146,0.079,0.326,0.124,0.348,0.247,0.326,0.022,0.0,89,7,27,40,47,49,68,20,13,7,29,11,31,22,29,2,0
70-74,2015,0.078,0.294,0.382,0.51,0.559,0.775,0.216,0.088,0.127,0.294,0.147,0.343,0.275,0.284,0.059,0.01,102,8,30,39,52,57,79,22,9,13,30,15,35,28,29,6,1
70-74,2016,0.153,0.371,0.46,0.565,0.605,0.694,0.218,0.089,0.105,0.266,0.129,0.306,0.242,0.258,0.048,0.016,124,19,46,57,70,75,86,27,11,13,33,16,38,30,32,6,2
70-74,2017,0.073,0.263,0.423,0.511,0.606,0.825,0.19,0.161,0.088,0.292,0.102,0.387,0.343,0.292,0.095,0.015,137,10,36,58,70,83,113,26,22,12,40,14,53,47,40,13,2
70-74,2018,0.1,0.321,0.429,0.543,0.6,0.714,0.221,0.107,0.114,0.257,0.143,0.314,0.279,0.257,0.057,0.0,140,14,45,60,76,84,100,31,15,16,36,20,44,39,36,8,0
70-74,2019,0.069,0.323,0.438,0.554,0.623,0.692,0.254,0.115,0.115,0.154,0.223,0.223,0.3,0.154,0.069,0.031,130,9,42,57,72,81,90,33,15,15,20,29,29,39,20,9,4
70-74,2020,0.113,0.306,0.435,0.565,0.645,0.71,0.194,0.129,0.129,0.226,0.129,0.306,0.339,0.226,0.081,0.0,62,7,19,27,35,40,44,12,8,8,14,8,19,21,14,5,0
70-74,2021,0.159,0.366,0.451,0.549,0.61,0.695,0.207,0.085,0.098,0.244,0.146,0.305,0.268,0.22,0.085,0.012,82,13,30,37,45,50,57,17,7,8,20,12,25,22,18,7,1
70-74,2022,0.082,0.227,0.3,0.445,0.536,0.609,0.145,0.073,0.145,0.191,0.273,0.282,0.309,0.191,0.091,0.018,110,9,25,33,49,59,67,16,8,16,21,30,31,34,21,10,2
70-74,2023,0.058,0.273,0.422,0.526,0.61,0.747,0.214,0.149,0.104,0.214,0.175,0.299,0.338,0.214,0.084,0.039,154,9,42,65,81,94,115,33,23,16,33,27,46,52,33,13,6
75-79,2002,0.57,0.688,0.727,0.758,0.75,0.219,0.117,0.039,0.031,0.039,0.211,0.031,0.086,0.016,0.016,0.0,128,73,88,93,97,96,28,15,5,4,5,27,4,11,2,2,0
75-79,2003,0.53,0.696,0.757,0.783,0.774,0.296,0.165,0.061,0.026,0.078,0.148,0.061,0.13,0.026,0.043,0.0,115,61,80,87,90,89,34,19,7,3,9,17,7,15,3,5,0
75-79,2004,0.689,0.82,0.877,0.902,0.885,0.238,0.131,0.057,0.025,0.049,0.066,0.033,0.098,0.016,0.016,0.008,122,84,100,107,110,108,29,16,7,3,6,8,4,12,2,2,1
75-79,2005,0.52,0.69,0.74,0.8,0.78,0.32,0.17,0.05,0.06,0.08,0.14,0.06,0.13,0.04,0.02,0.02,100,52,69,74,80,78,32,17,5,6,8,14,6,13,4,2,2
75-79,2006,0.416,0.646,0.735,0.832,0.761,0.434,0.23,0.088,0.097,0.124,0.115,0.053,0.204,0.035,0.018,0.027,113,47,73,83,94,86,49,26,10,11,14,13,6,23,4,2,3
75-79,2007,0.316,0.568,0.695,0.768,0.726,0.516,0.253,0.126,0.074,0.116,0.158,0.074,0.221,0.053,0.021,0.011,95,30,54,66,73,69,49,24,12,7,11,15,7,21,5,2,1
75-79,2008,0.183,0.548,0.667,0.731,0.656,0.645,0.366,0.118,0.065,0.194,0.151,0.118,0.194,0.108,0.011,0.0,93,17,51,62,68,61,60,34,11,6,18,14,11,18,10,1,0
75-79,2009,0.133,0.507,0.573,0.613,0.627,0.693,0.373,0.067,0.04,0.213,0.16,0.227,0.147,0.187,0.04,0.0,75,10,38,43,46,47,52,28,5,3,16,12,17,11,14,3,0
75-79,2010,0.07,0.423,0.535,0.577,0.606,0.62,0.352,0.113,0.042,0.113,0.282,0.141,0.197,0.099,0.042,0.0,71,5,30,38,41,43,44,25,8,3,8,20,10,14,7,3,0
75-79,2011,0.06,0.405,0.536,0.607,0.595,0.69,0.345,0.131,0.071,0.167,0.238,0.155,0.202,0.155,0.0,0.024,84,5,34,45,51,50,58,29,11,6,14,20,13,17,13,0,2
75-79,2012,0.063,0.411,0.509,0.571,0.625,0.688,0.348,0.098,0.063,0.134,0.241,0.188,0.214,0.134,0.054,0.018,112,7,46,57,64,70,77,39,11,7,15,27,21,24,15,6,2
75-79,2013,0.051,0.316,0.43,0.506,0.532,0.747,0.266,0.114,0.076,0.304,0.165,0.329,0.215,0.304,0.025,0.0,79,4,25,34,40,42,59,21,9,6,24,13,26,17,24,2,0
75-79,2014,0.095,0.286,0.464,0.512,0.583,0.762,0.19,0.179,0.048,0.274,0.143,0.345,0.298,0.274,0.071,0.024,84,8,24,39,43,49,64,16,15,4,23,12,29,25,23,6,2
75-79,2015,0.114,0.295,0.371,0.457,0.514,0.733,0.181,0.076,0.086,0.343,0.143,0.4,0.219,0.343,0.057,0.029,105,12,31,39,48,54,77,19,8,9,36,15,42,23,36,6,3
75-79,2016,0.081,0.232,0.364,0.505,0.576,0.677,0.152,0.131,0.141,0.212,0.212,0.283,0.343,0.212,0.071,0.02,99,8,23,36,50,57,67,15,13,14,21,21,28,34,21,7,2
75-79,2017,0.138,0.362,0.457,0.551,0.63,0.696,0.225,0.094,0.094,0.225,0.145,0.304,0.268,0.225,0.08,0.014,138,19,50,63,76,87,96,31,13,13,31,20,42,37,31,11,2
75-79,2018,0.085,0.271,0.364,0.434,0.519,0.713,0.186,0.093,0.07,0.287,0.194,0.372,0.264,0.271,0.101,0.0,129,11,35,47,56,67,92,24,12,9,37,25,48,34,35,13,0
75-79,2019,0.101,0.338,0.432,0.554,0.619,0.741,0.237,0.094,0.122,0.245,0.137,0.309,0.281,0.245,0.065,0.022,139,14,47,60,77,86,103,33,13,17,34,19,43,39,34,9,3
75-79,2020,0.088,0.263,0.386,0.491,0.579,0.702,0.175,0.123,0.105,0.228,0.193,0.316,0.316,0.228,0.088,0.053,57,5,15,22,28,33,40,10,7,6,13,11,18,18,13,5,3
75-79,2021,0.051,0.205,0.308,0.385,0.462,0.744,0.154,0.103,0.077,0.333,0.205,0.41,0.256,0.333,0.077,0.0,78,4,16,24,30,36,58,12,8,6,26,16,32,20,26,6,0
75-79,2022,0.154,0.333,0.463,0.561,0.626,0.593,0.179,0.13,0.098,0.179,0.195,0.244,0.293,0.179,0.065,0.008,123,19,41,57,69,77,73,22,16,12,22,24,30,36,22,8,1
75-79,2023,0.09,0.271,0.414,0.579,0.609,0.714,0.18,0.143,0.165,0.241,0.15,0.271,0.346,0.233,0.038,0.03,133,12,36,55,77,81,95,24,19,22,32,20,36,46,31,5,4
80-84,2002,0.597,0.687,0.731,0.769,0.761,0.209,0.09,0.045,0.037,0.06,0.179,0.052,0.097,0.037,0.015,0.007,134,80,92,98,103,102,28,12,6,5,8,24,7,13,5,2,1
80-84,2003,0.603,0.744,0.777,0.802,0.785,0.198,0.14,0.033,0.025,0.041,0.174,0.025,0.083,0.0,0.025,0.0,121,73,90,94,97,95,24,17,4,3,5,21,3,10,0,3,0
80-84,2004,0.632,0.737,0.789,0.842,0.825,0.228,0.105,0.053,0.053,0.053,0.123,0.035,0.123,0.018,0.018,0.0,114,72,84,90,96,94,26,12,6,6,6,14,4,14,2,2,0
80-84,2005,0.589,0.779,0.832,0.863,0.832,0.274,0.189,0.053,0.032,0.042,0.126,0.011,0.095,0.0,0.011,0.021,95,56,74,79,82,79,26,18,5,3,4,12,1,9,0,1,2
80-84,2006,0.478,0.644,0.744,0.789,0.778,0.389,0.167,0.1,0.044,0.122,0.1,0.111,0.167,0.089,0.022,0.0,90,43,58,67,71,70,35,15,9,4,11,9,10,15,8,2,0
80-84,2007,0.368,0.684,0.779,0.8,0.789,0.505,0.316,0.095,0.021,0.116,0.095,0.105,0.168,0.053,0.053,0.011,95,35,65,74,76,75,48,30,9,2,11,9,10,16,5,5,1
80-84,2008,0.189,0.491,0.604,0.708,0.679,0.632,0.302,0.113,0.104,0.198,0.123,0.17,0.226,0.16,0.009,0.009,106,20,52,64,75,72,67,32,12,11,21,13,18,24,17,1,1
80-84,2009,0.14,0.516,0.688,0.753,0.71,0.71,0.376,0.172,0.065,0.161,0.129,0.118,0.247,0.108,0.011,0.022,93,13,48,64,70,66,66,35,16,6,15,12,11,23,10,1,2
80-84,2010,0.082,0.447,0.565,0.635,0.647,0.647,0.365,0.118,0.071,0.094,0.259,0.106,0.2,0.094,0.012,0.0,85,7,38,48,54,55,55,31,10,6,8,22,9,17,8,1,0
80-84,2011,0.042,0.458,0.531,0.583,0.594,0.708,0.417,0.073,0.052,0.167,0.24,0.177,0.167,0.135,0.042,0.01,96,4,44,51,56,57,68,40,7,5,16,23,17,16,13,4,1
80-84,2012,0.068,0.398,0.476,0.573,0.573,0.641,0.33,0.078,0.097,0.194,0.233,0.194,0.194,0.175,0.019,0.0,103,7,41,49,59,59,66,34,8,10,20,24,20,20,18,2,0
80-84,2013,0.042,0.337,0.484,0.589,0.611,0.726,0.295,0.147,0.105,0.179,0.211,0.2,0.284,0.168,0.032,0.042,95,4,32,46,56,58,69,28,14,10,17,20,19,27,16,3,4
80-84,2014,0.118,0.265,0.382,0.441,0.441,0.603,0.147,0.118,0.059,0.279,0.279,0.279,0.176,0.279,0.0,0.0,68,8,18,26,30,30,41,10,8,4,19,19,19,12,19,0,0
80-84,2015,0.129,0.306,0.365,0.494,0.506,0.635,0.176,0.059,0.129,0.294,0.2,0.306,0.224,0.271,0.035,0.0,85,11,26,31,42,43,54,15,5,11,25,17,26,19,23,3,0
80-84,2016,0.064,0.269,0.372,0.41,0.474,0.731,0.205,0.103,0.038,0.333,0.192,0.397,0.205,0.333,0.064,0.013,78,5,21,29,32,37,57,16,8,3,26,15,31,16,26,5,1
80-84,2017,0.087,0.278,0.389,0.484,0.548,0.659,0.19,0.111,0.095,0.206,0.246,0.27,0.278,0.198,0.071,0.032,126,11,35,49,61,69,83,24,14,12,26,31,34,35,25,9,4
80-84,2018,0.105,0.347,0.452,0.54,0.589,0.669,0.242,0.105,0.089,0.202,0.21,0.25,0.242,0.202,0.048,0.008,124,13,43,56,67,73,83,30,13,11,25,26,31,30,25,6,1
80-84,2019,0.087,0.286,0.429,0.5,0.563,0.683,0.198,0.143,0.071,0.23,0.206,0.294,0.286,0.222,0.071,0.0,126,11,36,54,63,71,86,25,18,9,29,26,37,36,28,9,0
80-84,2020,0.172,0.379,0.466,0.586,0.638,0.638,0.207,0.086,0.121,0.207,0.155,0.259,0.259,0.207,0.052,0.052,58,10,22,27,34,37,37,12,5,7,12,9,15,15,12,3,3
80-84,2021,0.19,0.328,0.397,0.483,0.5,0.621,0.138,0.069,0.086,0.345,0.155,0.362,0.172,0.345,0.017,0.0,58,11,19,23,28,29,36,8,4,5,20,9,21,10,20,1,0
80-84,2022,0.111,0.222,0.333,0.458,0.472,0.625,0.111,0.111,0.125,0.306,0.222,0.319,0.25,0.306,0.014,0.014,72,8,16,24,33,34,45,8,8,9,22,16,23,18,22,1,1
80-84,2023,0.059,0.229,0.398,0.559,0.644,0.746,0.169,0.169,0.161,0.195,0.161,0.28,0.415,0.195,0.085,0.008,118,7,27,47,66,76,88,20,20,19,23,19,33,49,23,10,1
85-89,2002,0.469,0.561,0.602,0.612,0.633,0.204,0.092,0.041,0.01,0.051,0.316,0.071,0.102,0.02,0.051,0.0,98,46,55,59,60,62,20,9,4,1,5,31,7,10,2,5,0
85-89,2003,0.524,0.66,0.699,0.728,0.68,0.252,0.136,0.039,0.029,0.117,0.204,0.068,0.078,0.058,0.01,0.01,103,54,68,72,75,70,26,14,4,3,12,21,7,8,6,1,1
85-89,2004,0.57,0.785,0.797,0.823,0.747,0.253,0.215,0.013,0.025,0.089,0.165,0.013,0.038,0.013,0.0,0.013,79,45,62,63,65,59,20,17,1,2,7,13,1,3,1,0,1
85-89,2005,0.671,0.756,0.78,0.829,0.78,0.183,0.085,0.024,0.049,0.073,0.146,0.024,0.085,0.012,0.012,0.012,82,55,62,64,68,64,15,7,2,4,6,12,2,7,1,1,1
85-89,2006,0.379,0.603,0.707,0.81,0.724,0.5,0.224,0.103,0.103,0.19,0.086,0.103,0.207,0.103,0.0,0.0,58,22,35,41,47,42,29,13,6,6,11,5,6,12,6,0,0
85-89,2007,0.31,0.577,0.676,0.746,0.732,0.563,0.268,0.099,0.07,0.155,0.113,0.141,0.197,0.113,0.028,0.0,71,22,41,48,53,52,40,19,7,5,11,8,10,14,8,2,0
85-89,2008,0.241,0.602,0.735,0.783,0.699,0.639,0.361,0.133,0.048,0.181,0.12,0.096,0.193,0.084,0.012,0.012,83,20,50,61,65,58,53,30,11,4,15,10,8,16,7,1,1
85-89,2009,0.195,0.512,0.646,0.659,0.634,0.598,0.317,0.134,0.012,0.159,0.207,0.134,0.146,0.134,0.0,0.0,82,16,42,53,54,52,49,26,11,1,13,17,11,12,11,0,0
85-89,2010,0.106,0.447,0.494,0.541,0.518,0.635,0.341,0.047,0.047,0.224,0.259,0.2,0.118,0.176,0.024,0.012,85,9,38,42,46,44,54,29,4,4,19,22,17,10,15,2,1
85-89,2011,0.043,0.372,0.532,0.574,0.617,0.713,0.33,0.16,0.043,0.138,0.245,0.181,0.245,0.138,0.043,0.011,94,4,35,50,54,58,67,31,15,4,13,23,17,23,13,4,1
85-89,2012,0.067,0.481,0.558,0.635,0.673,0.692,0.413,0.077,0.077,0.096,0.231,0.135,0.192,0.096,0.038,0.0,104,7,50,58,66,70,72,43,8,8,10,24,14,20,10,4,0
85-89,2013,0.025,0.354,0.456,0.506,0.532,0.81,0.329,0.101,0.051,0.304,0.165,0.329,0.203,0.278,0.051,0.0,79,2,28,36,40,42,64,26,8,4,24,13,26,16,22,4,0
85-89,2014,0.077,0.205,0.359,0.449,0.564,0.731,0.128,0.154,0.09,0.256,0.179,0.372,0.359,0.256,0.115,0.0,78,6,16,28,35,44,57,10,12,7,20,14,29,28,20,9,0
85-89,2015,0.072,0.29,0.391,0.493,0.507,0.739,0.217,0.101,0.101,0.304,0.188,0.319,0.232,0.29,0.029,0.043,69,5,20,27,34,35,51,15,7,7,21,13,22,16,20,2,3
85-89,2016,0.053,0.223,0.309,0.415,0.489,0.681,0.17,0.085,0.106,0.287,0.223,0.362,0.266,0.287,0.074,0.043,94,5,21,29,39,46,64,16,8,10,27,21,34,25,27,7,4
85-89,2017,0.08,0.283,0.389,0.46,0.522,0.735,0.204,0.106,0.071,0.319,0.159,0.381,0.239,0.319,0.062,0.0,113,9,32,44,52,59,83,23,12,8,36,18,43,27,36,7,0
85-89,2018,0.112,0.28,0.355,0.411,0.486,0.664,0.168,0.075,0.056,0.308,0.206,0.383,0.206,0.308,0.075,0.0,107,12,30,38,44,52,71,18,8,6,33,22,41,22,33,8,0
85-89,2019,0.094,0.33,0.472,0.538,0.604,0.708,0.236,0.142,0.066,0.217,0.179,0.283,0.274,0.217,0.066,0.0,106,10,35,50,57,64,75,25,15,7,23,19,30,29,23,7,0
85-89,2020,0.047,0.209,0.302,0.372,0.395,0.651,0.163,0.093,0.07,0.302,0.302,0.326,0.186,0.302,0.023,0.023,43,2,9,13,16,17,28,7,4,3,13,13,14,8,13,1,1
85-89,2021,0.146,0.25,0.396,0.5,0.521,0.688,0.104,0.146,0.104,0.354,0.125,0.375,0.292,0.333,0.042,0.021,48,7,12,19,24,25,33,5,7,5,17,6,18,14,16,2,1
85-89,2022,0.06,0.194,0.299,0.433,0.493,0.701,0.134,0.104,0.134,0.269,0.239,0.328,0.299,0.269,0.06,0.015,67,4,13,20,29,33,47,9,7,9,18,16,22,20,18,4,1
85-89,2023,0.064,0.282,0.487,0.564,0.628,0.744,0.218,0.205,0.077,0.192,0.179,0.256,0.346,0.192,0.064,0.0,78,5,22,38,44,49,58,17,16,6,15,14,20,27,15,5,0
90+,2002,0.627,0.78,0.797,0.831,0.78,0.237,0.153,0.017,0.034,0.085,0.136,0.034,0.068,0.017,0.017,0.017,59,37,46,47,49,46,14,9,1,2,5,8,2,4,1,1,1
90+,2003,0.509,0.632,0.702,0.754,0.754,0.263,0.123,0.07,0.053,0.035,0.211,0.035,0.158,0.0,0.035,0.018,57,29,36,40,43,43,15,7,4,3,2,12,2,9,0,2,1
90+,2004,0.623,0.803,0.82,0.902,0.787,0.279,0.18,0.016,0.082,0.131,0.082,0.016,0.115,0.0,0.016,0.0,61,38,49,50,55,48,17,11,1,5,8,5,1,7,0,1,0
90+,2005,0.543,0.674,0.717,0.761,0.717,0.261,0.13,0.043,0.043,0.087,0.196,0.043,0.087,0.043,0.0,0.0,46,25,31,33,35,33,12,6,2,2,4,9,2,4,2,0,0
90+,2006,0.605,0.767,0.86,0.884,0.814,0.326,0.163,0.093,0.023,0.116,0.07,0.047,0.116,0.047,0.0,0.0,43,26,33,37,38,35,14,7,4,1,5,3,2,5,2,0,0
90+,2007,0.409,0.705,0.727,0.773,0.682,0.432,0.295,0.023,0.045,0.182,0.136,0.091,0.068,0.091,0.0,0.0,44,18,31,32,34,30,19,13,1,2,8,6,4,3,4,0,0
90+,2008,0.188,0.521,0.667,0.75,0.667,0.646,0.333,0.146,0.083,0.229,0.104,0.146,0.229,0.146,0.0,0.0,48,9,25,32,36,32,31,16,7,4,11,5,7,11,7,0,0
90+,2009,0.047,0.372,0.442,0.488,0.442,0.674,0.326,0.07,0.047,0.279,0.279,0.233,0.116,0.233,0.0,0.023,43,2,16,19,21,19,29,14,3,2,12,12,10,5,10,0,1
90+,2010,0.1,0.44,0.58,0.58,0.54,0.64,0.34,0.14,0.0,0.2,0.26,0.16,0.16,0.14,0.02,0.0,50,5,22,29,29,27,32,17,7,0,10,13,8,8,7,1,0
90+,2011,0.12,0.48,0.58,0.66,0.72,0.78,0.36,0.1,0.08,0.18,0.1,0.24,0.24,0.18,0.06,0.0,50,6,24,29,33,36,39,18,5,4,9,5,12,12,9,3,0
90+,2012,0.14,0.351,0.439,0.561,0.561,0.544,0.211,0.088,0.123,0.158,0.281,0.158,0.228,0.14,0.018,0.0,57,8,20,25,32,32,31,12,5,7,9,16,9,13,8,1,0
90+,2013,0.102,0.288,0.407,0.492,0.525,0.61,0.186,0.119,0.085,0.203,0.271,0.237,0.254,0.186,0.051,0.017,59,6,17,24,29,31,36,11,7,5,12,16,14,15,11,3,1
90+,2014,0.05,0.267,0.383,0.483,0.483,0.8,0.217,0.117,0.1,0.383,0.133,0.383,0.233,0.367,0.017,0.0,60,3,16,23,29,29,48,13,7,6,23,8,23,14,22,1,0
90+,2015,0.102,0.367,0.408,0.449,0.49,0.612,0.265,0.041,0.041,0.265,0.245,0.306,0.122,0.265,0.041,0.0,49,5,18,20,22,24,30,13,2,2,13,12,15,6,13,2,0
90+,2016,0.03,0.299,0.373,0.418,0.493,0.896,0.269,0.075,0.045,0.433,0.075,0.507,0.194,0.433,0.075,0.0,67,2,20,25,28,33,60,18,5,3,29,5,34,13,29,5,0
90+,2017,0.107,0.274,0.405,0.452,0.512,0.69,0.167,0.131,0.048,0.31,0.179,0.369,0.238,0.31,0.06,0.012,84,9,23,34,38,43,58,14,11,4,26,15,31,20,26,5,1
90+,2018,0.062,0.247,0.433,0.505,0.546,0.763,0.186,0.186,0.072,0.278,0.175,0.32,0.299,0.278,0.041,0.021,97,6,24,42,49,53,74,18,18,7,27,17,31,29,27,4,2
90+,2019,0.101,0.303,0.438,0.483,0.551,0.674,0.202,0.135,0.045,0.225,0.225,0.292,0.247,0.225,0.067,0.011,89,9,27,39,43,49,60,18,12,4,20,20,26,22,20,6,1
90+,2020,0.027,0.243,0.324,0.432,0.541,0.811,0.216,0.081,0.108,0.297,0.162,0.405,0.297,0.297,0.108,0.0,37,1,9,12,16,20,30,8,3,4,11,6,15,11,11,4,0
90+,2021,0.063,0.313,0.396,0.479,0.563,0.75,0.25,0.083,0.083,0.271,0.167,0.354,0.25,0.271,0.083,0.0,48,3,15,19,23,27,36,12,4,4,13,8,17,12,13,4,0
90+,2022,0.061,0.204,0.286,0.367,0.388,0.714,0.143,0.082,0.082,0.408,0.204,0.429,0.184,0.408,0.02,0.0,49,3,10,14,18,19,35,7,4,4,20,10,21,9,20,1,0
90+,2023,0.089,0.222,0.335,0.5,0.532,0.589,0.133,0.114,0.165,0.203,0.266,0.234,0.31,0.203,0.032,0.013,158,14,35,53,79,84,93,21,18,26,32,42,37,49,32,5,2
